{
    "loss": 0.40405741333961487,
    "accuracy": 0.8921568393707275
}