{
    "loss": 0.383850634098053,
    "accuracy": 0.9117646813392639
}