{
    "loss": 0.7407302260398865,
    "accuracy": 0.45098039507865906
}